"User Name","User Name"
"Password","Password"
"Login","Login"
"Not a member?","Not a member?"
"Forgotten Password?","Forgotten Password?"
"Return <br> to Homepage","Return <br> to Homepage"
"Please read our <b>Terms of Use</b> before logging in.","Please read our <b>Terms of Use</b> before logging in."
"Forgotten Password?","Forgotten Password?"
"Oh no! We're sorry but we can't find the page you are looking for.","Oh no! We're sorry but we can't find the page you are looking for."
"Uh Oh! Don't worry we have a team hard at working solving the problem!","Uh Oh! Don't worry we have a team hard at working solving the problem!"
"An error occurred","An error occurred"
"Exception information:","Exception information:"
"Message:","Message:"
"Stack trace:","Stack trace:"
"Request Parameters:","Request Parameters:"
Dashboard,Dashboard
